Dim1,Dim2,Label
2.3835125,8.232785,IPR035105
4.4319263,7.4703226,IPR035105
4.3728385,9.271717,IPR035105
6.7113595,6.6672926,IPR035105
-0.2394535,10.067077,IPR035105
0.6685955,9.820475,IPR035105
3.4117718,7.619353,IPR035105
1.1481348,9.614698,IPR035105
1.7225351,8.203928,IPR035105
2.3565474,8.940784,IPR035105
1.2438958,8.447282,IPR035105
4.0517244,8.102265,IPR035105
5.164834,7.917477,IPR035105
0.971886,10.56043,IPR035105
1.2793224,9.134714,IPR035105
1.6493675,9.552252,IPR035105
-1.7275182,10.038566,IPR035105
3.627829,9.526798,IPR035105
3.55336,8.093203,IPR035105
2.6065555,8.343573,IPR035105
11.798819,6.7922697,IPR035105
2.9407644,8.122372,IPR035105
3.3430438,7.6200857,IPR035105
-1.4128553,9.221745,IPR035105
3.094651,9.66434,IPR035105
8.115972,4.928134,IPR035105
2.4394705,9.618393,IPR035105
0.643111,10.399227,IPR035105
1.4883332,9.486447,IPR035105
1.4899987,8.643074,IPR035105
1.6824671,10.895966,IPR035105
4.089927,7.4598045,IPR035105
2.6388469,9.480483,IPR035105
-0.035151776,10.894131,IPR035105
8.554182,2.4613767,IPR035105
-0.19231556,10.911406,IPR035105
5.2439213,7.7414813,IPR035105
3.6401093,9.369994,IPR035105
-1.7196654,10.099253,IPR035105
3.0623527,8.211932,IPR035105
0.14129336,10.552201,IPR035105
1.1858051,9.24804,IPR035105
2.8725476,9.758923,IPR035105
0.7500676,11.024323,IPR035105
2.2431026,9.248314,IPR035105
1.4267708,8.393558,IPR035105
-0.23024848,10.296539,IPR035105
0.6618991,9.930744,IPR035105
2.1664088,9.428109,IPR035105
3.0687523,9.166723,IPR035105
7.5532484,3.7444227,IPR035105
3.474171,9.668761,IPR035105
8.369746,7.7855763,IPR035105
0.686517,9.214913,IPR035105
2.0745335,10.754312,IPR035105
0.07204778,10.239538,IPR035105
4.577006,8.911106,IPR035105
0.7382856,9.344494,IPR035105
3.3686209,8.383938,IPR035105
1.571202,8.852457,IPR035105
1.5795271,10.426991,IPR035105
1.5796635,10.418373,IPR035105
1.0654641,9.32125,IPR035105
1.9352801,9.094885,IPR035105
4.1665587,8.391011,IPR035105
-0.71873194,9.251882,IPR035105
9.560084,-0.2549461,IPR035105
4.260487,7.8089275,IPR035105
3.620047,7.5253806,IPR035105
1.3462698,8.856041,IPR035105
3.1708465,8.902771,IPR035105
2.807597,8.298524,IPR035105
-0.18979143,10.124562,IPR035105
4.243777,9.264117,IPR035105
2.1158626,9.605022,IPR035105
2.2948248,10.136232,IPR035105
-0.06710775,9.12185,IPR035105
5.232408,7.953443,IPR035105
0.5471179,9.26903,IPR035105
1.4168028,10.514544,IPR035105
5.0906863,7.832176,IPR035105
4.08349,8.680127,IPR035105
2.9647324,9.593122,IPR035105
3.4410663,9.495272,IPR035105
6.4369507,6.2861485,IPR035105
1.8564558,8.777923,IPR035105
0.20271951,9.515095,IPR035105
1.6525978,9.4622755,IPR035105
1.3313922,9.811323,IPR035105
-1.3300681,9.359525,IPR035105
11.074219,1.9547876,IPR035105
3.8143544,7.952501,IPR035105
0.20188425,10.955451,IPR035105
4.1444535,8.509249,IPR035105
3.6492424,8.888483,IPR035105
0.08054825,10.805135,IPR035105
-0.6216337,9.708742,IPR035105
2.3877761,9.009961,IPR035105
3.6678069,9.411658,IPR035105
-1.5935681,10.028762,IPR035105
-1.4767498,9.179233,IPR035105
1.8396255,9.291293,IPR035105
6.2666774,5.132903,IPR035105
11.792666,5.8687835,IPR035105
6.7058587,6.6285477,IPR035105
4.1847486,8.330792,IPR035105
4.4310856,7.8607874,IPR035105
6.405589,5.5450125,IPR035105
4.3432035,8.196104,IPR035105
2.4428303,9.994148,IPR035105
-0.11537786,10.674335,IPR035105
2.5737793,10.323855,IPR035105
2.2020917,9.473736,IPR035105
-1.5336788,10.03897,IPR035105
-1.7698401,10.138682,IPR035105
5.0470586,8.053805,IPR035105
9.550504,-0.39773828,IPR035105
5.1539435,7.768404,IPR035105
-0.13574299,10.723027,IPR035105
4.9906635,7.722248,IPR035105
2.9925277,8.738715,IPR035105
0.70246464,10.233709,IPR035105
-1.6870755,9.932435,IPR035105
2.9588354,7.7109065,IPR035105
2.7204597,8.22236,IPR035105
0.23627105,9.641785,IPR035105
1.5957571,9.621284,IPR035105
1.1609812,9.91633,IPR035105
2.8084698,7.710535,IPR035105
4.185923,7.6418066,IPR035105
-0.11017213,10.242891,IPR035105
8.259428,7.7287464,IPR035105
0.89164156,9.983849,IPR035105
2.3614826,9.290853,IPR035105
3.1866906,7.9097834,IPR035105
6.2635922,4.7823515,IPR035105
6.441989,4.2800527,IPR035105
1.6414156,9.496456,IPR035105
0.000624214,10.275704,IPR035105
-0.4844606,9.3115635,IPR035105
-1.4757272,9.474558,IPR035105
2.288984,9.389266,IPR035105
-1.0675445,9.774997,IPR035105
2.6453114,8.986885,IPR035105
2.0630221,8.506237,IPR035105
0.42129105,10.436016,IPR035105
3.9241245,9.227056,IPR035105
2.4923565,9.208581,IPR035105
-0.72032577,9.318928,IPR035105
3.7167094,8.156633,IPR035105
-0.27233595,10.273457,IPR035105
3.0972521,8.133589,IPR035105
2.8695526,8.198066,IPR035105
4.0967007,7.906911,IPR035105
1.325389,10.587189,IPR035105
-0.38584542,10.918396,IPR035105
5.426246,7.648627,IPR035105
0.6324042,9.647949,IPR035105
3.2952013,8.960733,IPR035105
0.6233302,9.343096,IPR035105
0.65505135,10.865945,IPR035105
2.5251315,9.991542,IPR035105
11.451115,6.9213023,IPR035105
0.13045505,10.099649,IPR035105
-1.0240129,10.439034,IPR035105
-1.7742203,9.9882145,IPR035105
-1.4830251,9.61688,IPR035105
2.7398193,8.45048,IPR035105
2.4022462,8.168166,IPR035105
2.5415366,10.329255,IPR035105
3.7044394,9.0072775,IPR035105
0.7978775,9.733439,IPR035105
3.4062355,9.184372,IPR035105
11.712918,6.406891,IPR035105
7.279199,4.911241,IPR035105
6.60863,7.646655,IPR035105
4.3241997,9.255962,IPR035105
0.19585107,9.078314,IPR035105
-1.2392765,9.193503,IPR035105
1.9068937,10.2452545,IPR035105
1.094149,10.449789,IPR035105
-0.31184995,11.015448,IPR035105
1.9808455,8.94639,IPR035105
0.49235395,9.536863,IPR035105
0.88299686,9.907754,IPR035105
4.0811086,7.4784794,IPR035105
4.477363,8.475658,IPR035105
2.0106456,8.343446,IPR035105
12.458245,4.395462,IPR035105
-1.4019039,9.457173,IPR035105
3.3919923,8.769331,IPR035105
1.0602622,8.771864,IPR035105
-1.4615242,9.212176,IPR035105
-1.2715073,10.187362,IPR035105
4.2172894,8.342147,IPR035105
3.2991462,9.576011,IPR035105
0.16594578,10.662776,IPR035105
6.823864,6.584557,IPR035105
2.8288226,8.05901,IPR035105
1.9252656,10.379198,IPR035105
1.7452056,10.694795,IPR035105
6.6132646,7.572815,IPR035105
6.330599,7.660581,IPR035105
-1.8036606,10.074861,IPR035105
8.252539,7.9655185,IPR035105
4.280959,7.863997,IPR035105
0.8570594,9.236622,IPR035105
1.8176358,10.225382,IPR035105
8.040385,8.068487,IPR035105
2.956507,8.184399,IPR035105
12.586167,3.4767811,IPR035105
4.3207865,8.609314,IPR035105
2.9241014,9.238108,IPR035105
3.2645648,8.744824,IPR035105
2.1731217,8.976262,IPR035105
2.5493982,8.008713,IPR035105
4.409795,9.129324,IPR035105
0.34023646,10.972318,IPR035105
2.2982717,9.836083,IPR035105
4.8495846,8.035759,IPR035105
-1.2289851,9.313845,IPR035105
0.8882434,8.81778,IPR035105
2.4850194,8.390673,IPR035105
4.277839,8.635542,IPR035105
2.0406475,10.040992,IPR035105
3.7051895,8.191597,IPR035105
-0.464287,9.308305,IPR035105
3.8586876,9.266163,IPR035105
3.8701005,8.182388,IPR035105
6.384472,7.326998,IPR035105
5.071211,8.019749,IPR035105
-0.2790651,10.833825,IPR035105
4.3429527,8.139062,IPR035105
4.474292,8.154046,IPR035105
-0.77726084,9.897946,IPR035105
11.82403,6.7205424,IPR035105
3.275066,8.054975,IPR035105
9.801556,5.345468,IPR035105
3.498456,9.602386,IPR035105
-0.9979292,10.038444,IPR035105
0.9873977,10.325749,IPR035105
0.5243421,9.774631,IPR035105
4.64206,8.484872,IPR035105
3.0379658,8.652636,IPR035105
4.1309648,8.561174,IPR035105
2.4369981,10.169713,IPR035105
0.50399184,10.479313,IPR035105
4.383951,8.026923,IPR035105
2.681976,7.877043,IPR035105
1.5538157,10.756126,IPR035105
1.3251791,8.744881,IPR035105
-1.4901392,9.154214,IPR035105
0.29413706,10.392038,IPR035105
4.1905093,7.9149914,IPR035105
1.4897538,8.540562,IPR035105
3.6323678,9.055058,IPR035105
0.6586672,10.640583,IPR035105
4.151602,7.9868903,IPR035105
10.576077,4.967094,IPR035105
1.975422,8.657365,IPR035105
6.516897,6.449445,IPR035105
3.7688901,9.220825,IPR035105
-0.48435023,9.8474455,IPR035105
0.40477,9.613974,IPR035105
0.612758,9.192349,IPR035105
4.3821363,7.9496584,IPR035105
6.5009665,5.9398794,IPR035105
0.9570442,9.812797,IPR035105
6.188669,5.310174,IPR035105
7.355974,7.618435,IPR035105
1.1752095,8.966296,IPR035105
2.3631847,9.496024,IPR035105
1.6365399,10.341725,IPR035105
-0.6998054,9.548744,IPR035105
1.8147018,9.386476,IPR035105
2.915385,9.346711,IPR035105
3.3314354,9.528493,IPR035105
6.260336,5.161561,IPR035105
-0.725186,9.33902,IPR035105
1.7500824,8.9911,IPR035105
-0.19118625,10.449776,IPR035105
1.2546419,8.733459,IPR035105
1.7586048,8.406411,IPR035105
1.5801288,10.3718,IPR035105
0.5296954,9.533989,IPR035105
3.9223518,8.433766,IPR035105
-1.7294338,10.118561,IPR035105
3.1700587,8.587234,IPR035105
2.8329666,8.0658245,IPR035105
2.2760072,10.043756,IPR035105
4.191493,9.18242,IPR035105
1.7600759,10.439749,IPR035105
-0.5132791,10.12026,IPR035105
-1.5946066,9.285849,IPR035105
1.7811282,10.770128,IPR035105
0.9177897,9.41336,IPR035105
2.9774787,8.022089,IPR035105
1.5732012,10.24933,IPR035105
1.9145099,8.853274,IPR035105
1.7675648,8.45367,IPR035105
3.4475133,8.5623865,IPR035105
0.6634297,9.1865,IPR035105
1.5135685,10.2638855,IPR035105
4.697029,8.451639,IPR035105
3.3362343,9.178477,IPR035105
3.4545894,9.331809,IPR035105
0.8504143,9.492885,IPR035105
-1.7320843,10.048036,IPR035105
6.9563704,7.786942,IPR035105
3.947366,9.452463,IPR035105
2.9028108,7.784021,IPR035105
6.3763576,7.1399517,IPR035105
6.3699436,5.6734138,IPR035105
2.581383,8.333278,IPR035105
1.3510264,8.673332,IPR035105
-1.4709647,10.066115,IPR035105
10.960445,7.5409966,IPR035105
6.5814123,3.3564403,IPR035105
2.5454452,8.09766,IPR035105
10.1147995,6.426728,IPR035105
-0.36245286,10.575371,IPR035105
4.3306212,9.141888,IPR035105
5.596163,7.4298673,IPR035105
9.780221,4.776065,IPR035105
1.4735214,9.877914,IPR035105
1.3267856,8.535555,IPR035105
3.4129522,9.396036,IPR035105
10.61823,0.2865786,IPR035105
1.3686272,10.847507,IPR035105
0.26503733,9.427069,IPR035105
8.726071,3.0220373,IPR035105
8.182729,3.8129632,IPR035105
2.2527525,8.169489,IPR035105
2.7471914,10.052954,IPR035105
4.9658966,8.103593,IPR035105
3.2906413,9.18574,IPR035105
1.2122614,8.940569,IPR035105
-1.146005,9.317995,IPR035105
-0.07850707,10.994186,IPR035105
3.1198263,9.763419,IPR035105
2.4557233,10.126341,IPR035105
6.531664,6.9332495,IPR035105
1.6614245,8.613109,IPR035105
1.1146498,10.145625,IPR035105
0.15258685,9.800085,IPR035105
3.8924658,7.600299,IPR035105
2.225358,10.554686,IPR035105
5.6167936,7.458394,IPR035105
2.1624067,8.770202,IPR035105
1.3184525,10.061592,IPR035105
-1.0207589,9.201386,IPR035105
1.3316402,10.922625,IPR035105
1.4912381,10.434208,IPR035105
2.0307055,10.324199,IPR035105
-1.4421321,9.38453,IPR035105
4.8874216,8.025975,IPR035105
2.3033726,8.735412,IPR035105
1.2039762,10.197476,IPR035105
11.559563,6.1756673,IPR035105
2.5784433,10.236395,IPR035105
0.3625171,10.217622,IPR035105
0.43021286,10.260113,IPR035105
4.232122,8.306351,IPR035105
1.5208477,9.570792,IPR035105
3.4857264,8.879647,IPR035105
6.494461,6.1926327,IPR035105
-1.0151864,9.516556,IPR035105
3.6298218,9.292676,IPR035105
2.3414373,8.833982,IPR035105
1.4999499,9.901993,IPR035105
-1.2518901,10.155892,IPR035105
6.411063,7.684947,IPR035105
0.98985904,8.613379,IPR035105
8.872279,2.4652102,IPR035105
-1.6218237,9.30772,IPR035105
10.444444,6.455779,IPR035105
8.84294,7.2062182,IPR035105
1.0329877,9.191725,IPR035105
2.062113,8.504884,IPR035105
0.023745496,10.349407,IPR035105
1.8703208,9.760224,IPR035105
0.68604916,9.027288,IPR035105
-0.7922288,9.969471,IPR035105
6.4698954,6.615552,IPR035105
1.1508214,10.907627,IPR035105
2.797338,8.535403,IPR035105
3.2713983,8.458235,IPR035105
-1.5437554,9.219953,IPR035105
1.7167846,8.318698,IPR035105
0.5548889,10.91295,IPR035105
4.9708233,8.117767,IPR035105
-0.9313315,9.537817,IPR035105
3.5950568,8.83102,IPR035105
-0.2441223,10.783956,IPR035105
0.73374134,9.554297,IPR035105
3.3428352,9.033864,IPR035105
-0.25243127,10.327789,IPR035105
0.91030115,8.924755,IPR035105
0.8953878,10.6553955,IPR035105
4.961303,7.9053607,IPR035105
-1.2606351,9.861007,IPR035105
1.9033755,10.647332,IPR035105
3.291683,7.7799153,IPR035105
-0.17795104,9.741109,IPR035105
1.5740767,9.706548,IPR035105
-0.22485085,10.133793,IPR035105
2.4726698,8.375355,IPR035105
4.838042,8.015902,IPR035105
0.25989613,10.22509,IPR035105
-0.38133994,10.30408,IPR035105
-0.22973906,10.841393,IPR035105
-0.56255174,9.417371,IPR035105
0.14871593,10.482595,IPR035105
3.9958901,9.176878,IPR035105
1.9632705,9.558894,IPR035105
0.56886184,10.457981,IPR035105
1.2163742,8.793396,IPR035105
4.8254056,8.273385,IPR035105
1.8312335,8.582134,IPR035105
2.3829136,8.465577,IPR035105
-0.7462079,9.704092,IPR035105
1.4560114,10.193918,IPR035105
2.9813569,7.9762025,IPR035105
5.8816547,7.109865,IPR035105
-1.1410557,9.991436,IPR035105
4.6064873,7.6462727,IPR035105
0.5830659,10.247184,IPR035105
-0.404771,10.78762,IPR035105
8.180592,7.9265547,IPR035105
-0.80011374,9.540135,IPR035105
6.0412526,7.049016,IPR035105
-1.4864252,9.129025,IPR035105
7.9290876,8.168469,IPR035105
1.0936885,9.283743,IPR035105
-1.488158,10.139743,IPR035105
-1.0638187,9.533512,IPR035105
3.99444,8.569253,IPR035105
2.7959056,9.855289,IPR035105
3.51696,9.517983,IPR035105
8.308382,7.549286,IPR035105
-1.0987575,9.773511,IPR035105
-1.1344376,9.378865,IPR035105
1.3899531,9.964883,IPR035105
0.9541983,8.889367,IPR035105
3.6484787,7.698832,IPR035105
1.1086015,10.435088,IPR035105
6.4665146,6.980086,IPR035105
-1.4495312,9.580837,IPR035105
6.2572646,6.710432,IPR035105
-1.5145975,9.743137,IPR035105
2.5102901,9.316362,IPR035105
1.5467831,8.482722,IPR035105
0.8413847,10.54095,IPR035105
2.5595844,8.019362,IPR035105
3.5839372,9.564996,IPR035105
2.629064,10.262692,IPR035105
-1.7296565,10.102401,IPR035105
1.7648978,10.410998,IPR035105
0.6110078,10.779641,IPR035105
3.2956223,7.9687023,IPR035105
3.219774,8.114391,IPR035105
2.0811267,10.435497,IPR035105
-0.671007,9.380027,IPR035105
-1.5897238,10.048964,IPR035105
0.47324407,10.085561,IPR035105
2.3629243,10.018333,IPR035105
0.032112326,9.908663,IPR035105
2.6519694,9.304601,IPR035105
2.6636853,7.8483734,IPR035105
1.0291584,9.526129,IPR035105
2.1663554,8.232124,IPR035105
-1.022039,9.848924,IPR035105
0.80417174,9.2271805,IPR035105
2.479999,9.484419,IPR035105
3.5731494,8.03051,IPR035105
6.490147,5.1767263,IPR035105
4.122128,8.178346,IPR035105
-0.17781681,10.917058,IPR035105
7.208675,6.5237374,IPR035105
2.782854,8.043588,IPR035105
-1.4952712,9.711238,IPR035105
-0.21084842,10.964489,IPR035105
3.1745598,9.639614,IPR035105
3.0273046,8.492583,IPR035105
-0.44750792,10.432881,IPR035105
2.294446,10.255154,IPR035105
2.1595294,9.3542795,IPR035105
-0.033224244,9.825012,IPR035105
2.5919788,7.941479,IPR035105
1.2502462,8.691873,IPR035105
0.9593143,10.168872,IPR035105
0.36000633,9.364918,IPR035105
8.473341,7.852555,IPR035105
3.8713362,7.8222904,IPR035105
3.1346161,8.782877,IPR035105
1.8910605,8.646744,IPR035105
-1.655024,9.490249,IPR035105
1.4656384,10.942368,IPR035105
2.0750403,10.462374,IPR035105
1.8749552,8.839113,IPR035105
12.150101,2.7653787,IPR035105+meta2k
11.303862,7.756536,IPR035105+meta2k
11.379175,1.2235217,IPR035105+meta2k
12.088605,3.4642453,IPR035105+meta2k
9.015023,5.4247203,IPR035105+meta2k
6.388162,4.699551,IPR035105+meta2k
7.4509788,5.9011474,IPR035105+meta2k
8.017154,5.352904,IPR035105+meta2k
8.471501,3.5750506,IPR035105+meta2k
6.2215376,3.351982,IPR035105+meta2k
10.049911,2.1644695,IPR035105+meta2k
12.6439085,2.3294225,IPR035105+meta2k
10.66899,1.2909704,IPR035105+meta2k
9.24083,6.692977,IPR035105+meta2k
11.635667,6.041734,IPR035105+meta2k
10.829376,6.1257544,IPR035105+meta2k
6.548217,3.1272721,IPR035105+meta2k
7.121077,5.900684,IPR035105+meta2k
10.172755,5.843018,IPR035105+meta2k
10.134698,3.4029796,IPR035105+meta2k
10.711362,0.20093696,IPR035105+meta2k
11.376991,2.6620119,IPR035105+meta2k
7.461812,3.397466,IPR035105+meta2k
10.981095,1.4931058,IPR035105+meta2k
10.47574,2.3725922,IPR035105+meta2k
11.990408,4.4918633,IPR035105+meta2k
10.679523,-0.0517628,IPR035105+meta2k
11.639496,0.62507635,IPR035105+meta2k
10.511769,3.152347,IPR035105+meta2k
9.151416,-1.1360375,IPR035105+meta2k
10.520942,1.715612,IPR035105+meta2k
10.960413,7.4482956,IPR035105+meta2k
11.701594,6.044346,IPR035105+meta2k
7.610465,5.001635,IPR035105+meta2k
10.482317,6.432024,IPR035105+meta2k
9.865286,8.831578,IPR035105+meta2k
9.170858,3.0381021,IPR035105+meta2k
12.331323,2.3449993,IPR035105+meta2k
8.182839,4.790503,IPR035105+meta2k
11.2992325,4.1141157,IPR035105+meta2k
9.194169,7.845841,IPR035105+meta2k
12.136528,0.5028597,IPR035105+meta2k
11.542178,5.6409135,IPR035105+meta2k
7.9782906,5.74059,IPR035105+meta2k
8.672922,4.3290896,IPR035105+meta2k
10.704481,6.1344533,IPR035105+meta2k
11.767525,0.9879768,IPR035105+meta2k
12.252985,5.071308,IPR035105+meta2k
7.5667105,3.2976565,IPR035105+meta2k
9.277349,6.083272,IPR035105+meta2k
9.625508,0.25952062,IPR035105+meta2k
7.0915723,5.0404406,IPR035105+meta2k
9.80657,6.8458014,IPR035105+meta2k
9.667064,3.7545679,IPR035105+meta2k
10.600563,8.232801,IPR035105+meta2k
10.845166,1.1755135,IPR035105+meta2k
9.232702,-1.0526106,IPR035105+meta2k
8.265128,6.4716597,IPR035105+meta2k
7.8367,6.7493377,IPR035105+meta2k
12.25401,1.032133,IPR035105+meta2k
10.841462,3.033083,IPR035105+meta2k
8.556019,7.956784,IPR035105+meta2k
11.588602,2.0243678,IPR035105+meta2k
10.258635,7.980867,IPR035105+meta2k
11.56471,1.0247324,IPR035105+meta2k
8.639554,2.4810658,IPR035105+meta2k
12.050258,2.8495781,IPR035105+meta2k
8.152206,4.247704,IPR035105+meta2k
11.076911,4.238305,IPR035105+meta2k
10.400614,-0.033184577,IPR035105+meta2k
7.800419,2.669257,IPR035105+meta2k
10.166976,7.943237,IPR035105+meta2k
9.777908,2.258814,IPR035105+meta2k
9.45699,3.3041837,IPR035105+meta2k
8.819797,4.327081,IPR035105+meta2k
11.560749,4.8117213,IPR035105+meta2k
9.187281,6.023823,IPR035105+meta2k
11.257173,5.494506,IPR035105+meta2k
10.147952,5.5166097,IPR035105+meta2k
10.682426,6.6321855,IPR035105+meta2k
10.289153,4.7625012,IPR035105+meta2k
8.462977,1.5945631,IPR035105+meta2k
7.5601077,5.3119993,IPR035105+meta2k
8.551366,7.849428,IPR035105+meta2k
11.239539,2.7012494,IPR035105+meta2k
9.851088,0.4192543,IPR035105+meta2k
12.089945,4.228124,IPR035105+meta2k
11.729757,0.99524397,IPR035105+meta2k
11.05469,4.801238,IPR035105+meta2k
12.5344715,3.2080727,IPR035105+meta2k
11.405021,1.475429,IPR035105+meta2k
12.268566,5.0195694,IPR035105+meta2k
11.623167,1.1041095,IPR035105+meta2k
11.010125,5.721695,IPR035105+meta2k
11.495495,1.0540214,IPR035105+meta2k
10.651602,3.4873974,IPR035105+meta2k
11.4393835,1.2928901,IPR035105+meta2k
9.962697,2.7962053,IPR035105+meta2k
9.335449,2.6987383,IPR035105+meta2k
12.657133,3.0738485,IPR035105+meta2k
10.70396,4.1634336,IPR035105+meta2k
10.850702,7.7816634,IPR035105+meta2k
9.729356,6.520099,IPR035105+meta2k
10.13691,-0.09622964,IPR035105+meta2k
7.1102533,5.8841653,IPR035105+meta2k
10.2937765,1.9432333,IPR035105+meta2k
11.281999,7.1874022,IPR035105+meta2k
9.132604,6.3185635,IPR035105+meta2k
10.77649,3.9008267,IPR035105+meta2k
8.219096,8.333676,IPR035105+meta2k
9.457364,5.723854,IPR035105+meta2k
11.0308895,1.7336708,IPR035105+meta2k
8.712328,3.93174,IPR035105+meta2k
9.9039,-0.23663385,IPR035105+meta2k
11.853708,1.4968828,IPR035105+meta2k
11.822027,3.3654234,IPR035105+meta2k
11.167939,0.3094644,IPR035105+meta2k
8.454938,3.3741693,IPR035105+meta2k
9.691746,3.853744,IPR035105+meta2k
9.770342,7.2781987,IPR035105+meta2k
10.145232,2.8145683,IPR035105+meta2k
7.2800474,6.7160416,IPR035105+meta2k
8.122481,4.3053703,IPR035105+meta2k
10.273792,8.46675,IPR035105+meta2k
8.142406,6.853985,IPR035105+meta2k
7.0642276,5.849402,IPR035105+meta2k
10.139702,-0.13448101,IPR035105+meta2k
8.870427,4.104014,IPR035105+meta2k
7.831397,6.2419705,IPR035105+meta2k
10.376173,0.9005344,IPR035105+meta2k
9.397944,3.7972367,IPR035105+meta2k
8.800436,7.8952665,IPR035105+meta2k
10.222584,0.040449098,IPR035105+meta2k
10.36554,1.813843,IPR035105+meta2k
9.834265,-0.29700792,IPR035105+meta2k
7.2700377,4.5905857,IPR035105+meta2k
10.845967,3.7002878,IPR035105+meta2k
11.889148,3.6081848,IPR035105+meta2k
10.052514,3.629134,IPR035105+meta2k
8.881639,5.7604475,IPR035105+meta2k
4.3514304,8.369901,IPR035105+meta2k
11.985035,3.0511022,IPR035105+meta2k
8.023492,6.03717,IPR035105+meta2k
11.815772,5.862148,IPR035105+meta2k
10.60671,4.6011324,IPR035105+meta2k
8.549633,4.738146,IPR035105+meta2k
11.806288,0.49381974,IPR035105+meta2k
11.6360655,0.64511615,IPR035105+meta2k
10.648688,3.0256774,IPR035105+meta2k
9.243339,3.0632713,IPR035105+meta2k
10.181335,8.172672,IPR035105+meta2k
8.377628,8.211509,IPR035105+meta2k
8.100043,2.8366792,IPR035105+meta2k
11.984117,0.8795896,IPR035105+meta2k
11.311944,1.3361431,IPR035105+meta2k
7.073613,4.9475746,IPR035105+meta2k
8.123104,6.293448,IPR035105+meta2k
10.759235,0.10430778,IPR035105+meta2k
11.129522,5.4214063,IPR035105+meta2k
10.301677,6.57345,IPR035105+meta2k
8.4217415,2.7192771,IPR035105+meta2k
6.281606,5.180748,IPR035105+meta2k
12.109096,4.763167,IPR035105+meta2k
11.11854,6.990296,IPR035105+meta2k
8.873101,4.746113,IPR035105+meta2k
10.763998,5.0937405,IPR035105+meta2k
7.0444846,5.0200133,IPR035105+meta2k
7.9549775,5.9054303,IPR035105+meta2k
8.96578,7.638956,IPR035105+meta2k
11.808934,3.2766056,IPR035105+meta2k
8.412165,5.904392,IPR035105+meta2k
11.353921,1.0985882,IPR035105+meta2k
11.567174,1.7550658,IPR035105+meta2k
7.948577,4.0025563,IPR035105+meta2k
11.0419855,4.57042,IPR035105+meta2k
11.328835,7.2643166,IPR035105+meta2k
11.914768,5.356327,IPR035105+meta2k
12.330859,5.549767,IPR035105+meta2k
10.090066,5.7310176,IPR035105+meta2k
10.367434,4.141841,IPR035105+meta2k
10.502346,1.1823356,IPR035105+meta2k
10.622486,8.042542,IPR035105+meta2k
11.00929,2.186111,IPR035105+meta2k
12.210597,1.3988941,IPR035105+meta2k
10.737968,1.9756957,IPR035105+meta2k
10.680713,6.1639204,IPR035105+meta2k
7.3215938,3.7706857,IPR035105+meta2k
11.900321,5.3008475,IPR035105+meta2k
11.434574,0.67264736,IPR035105+meta2k
10.0296545,5.971502,IPR035105+meta2k
9.386421,7.181107,IPR035105+meta2k
6.3383417,3.9265165,IPR035105+meta2k
7.9286113,4.690884,IPR035105+meta2k
10.14225,-0.3708016,IPR035105+meta2k
6.0310307,7.0013,IPR035105+meta2k
7.47959,2.8859966,IPR035105+meta2k
10.0209675,-0.48568624,IPR035105+meta2k
7.2392154,6.241534,IPR035105+meta2k
9.3727865,7.9464636,IPR035105+meta2k
10.370874,1.5323817,IPR035105+meta2k
6.52042,3.1155956,IPR035105+meta2k
7.5187645,5.0477004,IPR035105+meta2k
11.546176,1.306986,IPR035105+meta2k
7.8108826,4.0700865,IPR035105+meta2k
9.159436,6.9290075,IPR035105+meta2k
11.037876,6.0529904,IPR035105+meta2k
8.743041,1.443963,IPR035105+meta2k
8.394461,5.626192,IPR035105+meta2k
12.588413,4.1215534,IPR035105+meta2k
10.303446,7.7543626,IPR035105+meta2k
12.312697,2.4859974,IPR035105+meta2k
9.132592,4.194715,IPR035105+meta2k
9.659052,-0.418094,IPR035105+meta2k
8.312923,5.806242,IPR035105+meta2k
9.608466,3.0900593,IPR035105+meta2k
9.034589,2.8751066,IPR035105+meta2k
8.522599,2.9911938,IPR035105+meta2k
6.968558,3.0063276,IPR035105+meta2k
9.448581,3.9575381,IPR035105+meta2k
10.572022,0.44901046,IPR035105+meta2k
7.811899,5.670759,IPR035105+meta2k
10.042284,5.7837005,IPR035105+meta2k
11.068139,5.86036,IPR035105+meta2k
7.781504,3.3170316,IPR035105+meta2k
9.845097,6.546167,IPR035105+meta2k
9.252333,3.3362818,IPR035105+meta2k
12.382717,4.313279,IPR035105+meta2k
11.788705,0.35959098,IPR035105+meta2k
10.075425,3.4389968,IPR035105+meta2k
8.20969,1.9051878,IPR035105+meta2k
11.199493,0.5996558,IPR035105+meta2k
12.106995,0.7872588,IPR035105+meta2k
9.356326,0.45157617,IPR035105+meta2k
9.694245,6.436615,IPR035105+meta2k
9.716866,5.90107,IPR035105+meta2k
8.180354,5.773892,IPR035105+meta2k
9.017719,6.24652,IPR035105+meta2k
11.067886,2.15892,IPR035105+meta2k
9.185838,4.163379,IPR035105+meta2k
11.684437,0.23833002,IPR035105+meta2k
10.226133,0.36620733,IPR035105+meta2k
11.185977,1.8649536,IPR035105+meta2k
10.561598,5.472294,IPR035105+meta2k
9.518869,6.7023015,IPR035105+meta2k
8.261064,5.735508,IPR035105+meta2k
11.559035,2.2374823,IPR035105+meta2k
4.1435165,8.634682,IPR035105+meta2k
10.642262,2.9095297,IPR035105+meta2k
8.590952,5.9677997,IPR035105+meta2k
10.410519,7.829117,IPR035105+meta2k
9.382747,3.52647,IPR035105+meta2k
11.439158,4.383204,IPR035105+meta2k
6.5724664,4.387506,IPR035105+meta2k
9.991982,5.8850102,IPR035105+meta2k
7.9306254,5.2183695,IPR035105+meta2k
10.991635,3.964287,IPR035105+meta2k
10.542475,6.8856425,IPR035105+meta2k
9.321699,8.19411,IPR035105+meta2k
8.427585,4.1301613,IPR035105+meta2k
11.504457,0.7519815,IPR035105+meta2k
10.200916,1.639458,IPR035105+meta2k
12.006503,7.437434,IPR035105+meta2k
6.442424,3.1155212,IPR035105+meta2k
8.820098,5.4862423,IPR035105+meta2k
10.725554,1.9794159,IPR035105+meta2k
7.9742775,6.2974887,IPR035105+meta2k
12.229883,4.3042955,IPR035105+meta2k
7.8638697,7.332059,IPR035105+meta2k
8.971313,5.313779,IPR035105+meta2k
9.901787,5.214996,IPR035105+meta2k
8.756827,6.610734,IPR035105+meta2k
9.032428,8.099456,IPR035105+meta2k
10.759738,1.8725454,IPR035105+meta2k
10.635292,2.4931717,IPR035105+meta2k
9.264524,4.120627,IPR035105+meta2k
12.214901,5.264433,IPR035105+meta2k
9.418383,5.817689,IPR035105+meta2k
8.874402,7.012956,IPR035105+meta2k
12.5530815,4.2583127,IPR035105+meta2k
10.990002,6.9131374,IPR035105+meta2k
10.336182,1.5970093,IPR035105+meta2k
9.559565,3.9502544,IPR035105+meta2k
11.781764,4.278683,IPR035105+meta2k
11.570821,4.5086904,IPR035105+meta2k
11.566384,7.296191,IPR035105+meta2k
11.779042,2.4753385,IPR035105+meta2k
9.306234,4.098054,IPR035105+meta2k
11.170759,2.1445823,IPR035105+meta2k
11.532048,2.2384205,IPR035105+meta2k
11.678941,2.9098136,IPR035105+meta2k
11.10264,3.6653588,IPR035105+meta2k
12.0293255,3.2019153,IPR035105+meta2k
11.775412,5.800007,IPR035105+meta2k
11.236908,6.6195745,IPR035105+meta2k
7.4390593,5.579867,IPR035105+meta2k
9.746056,1.950769,IPR035105+meta2k
8.79558,7.6645083,IPR035105+meta2k
8.698323,7.697702,IPR035105+meta2k
7.4431252,3.2094743,IPR035105+meta2k
10.509987,6.8521647,IPR035105+meta2k
6.4706006,4.045192,IPR035105+meta2k
11.200498,4.5294294,IPR035105+meta2k
12.083442,5.6511097,IPR035105+meta2k
10.661238,7.961698,IPR035105+meta2k
9.668286,2.6692083,IPR035105+meta2k
9.92891,2.7306154,IPR035105+meta2k
8.002599,5.310999,IPR035105+meta2k
10.545469,1.605367,IPR035105+meta2k
9.742164,7.527938,IPR035105+meta2k
9.910117,5.3256416,IPR035105+meta2k
8.691923,5.186893,IPR035105+meta2k
10.120739,6.79691,IPR035105+meta2k
12.650117,4.1263633,IPR035105+meta2k
7.2347536,6.7756324,IPR035105+meta2k
9.20202,-1.066868,IPR035105+meta2k
9.945273,6.681267,IPR035105+meta2k
9.820369,6.669992,IPR035105+meta2k
9.910024,7.356701,IPR035105+meta2k
11.760013,1.8045537,IPR035105+meta2k
11.950818,1.2277591,IPR035105+meta2k
9.513919,2.9864094,IPR035105+meta2k
12.122601,2.9885778,IPR035105+meta2k
6.9293246,3.464597,IPR035105+meta2k
11.403814,1.6706741,IPR035105+meta2k
9.538323,2.831432,IPR035105+meta2k
11.75051,2.233771,IPR035105+meta2k
11.977256,0.64222986,IPR035105+meta2k
9.565091,7.5849013,IPR035105+meta2k
9.096062,5.588494,IPR035105+meta2k
7.6338444,2.8202424,IPR035105+meta2k
8.003569,4.955396,IPR035105+meta2k
9.592317,7.9960947,IPR035105+meta2k
9.258092,-0.98486483,IPR035105+meta2k
11.27056,5.2066503,IPR035105+meta2k
7.422789,6.653369,IPR035105+meta2k
4.1666484,9.331584,IPR035105+meta2k
11.515524,4.54724,IPR035105+meta2k
11.598063,7.0616417,IPR035105+meta2k
9.130834,-1.1550903,IPR035105+meta2k
9.536659,0.24503817,IPR035105+meta2k
9.1973715,3.791081,IPR035105+meta2k
10.292323,0.7424449,IPR035105+meta2k
11.23349,2.0054975,IPR035105+meta2k
8.90992,7.4031568,IPR035105+meta2k
8.012619,3.5228286,IPR035105+meta2k
11.687939,0.620449,IPR035105+meta2k
10.312133,-0.008876921,IPR035105+meta2k
11.299645,4.169646,IPR035105+meta2k
9.767414,9.347708,IPR035105+meta2k
12.434318,2.9262068,IPR035105+meta2k
11.6595,1.7116927,IPR035105+meta2k
11.488139,1.4846048,IPR035105+meta2k
11.906143,7.3692093,IPR035105+meta2k
8.743562,6.870042,IPR035105+meta2k
7.86482,4.952508,IPR035105+meta2k
11.384959,6.213981,IPR035105+meta2k
11.811895,5.225035,IPR035105+meta2k
11.626097,0.6828685,IPR035105+meta2k
9.996989,-0.27863258,IPR035105+meta2k
11.09547,2.6609695,IPR035105+meta2k
8.517859,2.9970882,IPR035105+meta2k
10.813634,1.604812,IPR035105+meta2k
7.1806493,5.6098423,IPR035105+meta2k
6.7707906,6.4367843,IPR035105+meta2k
11.075978,2.6388404,IPR035105+meta2k
11.52519,1.0274771,IPR035105+meta2k
8.090235,4.3038607,IPR035105+meta2k
11.470263,6.6531734,IPR035105+meta2k
10.865682,2.6066937,IPR035105+meta2k
8.867351,5.941331,IPR035105+meta2k
8.715339,7.8477445,IPR035105+meta2k
11.6082735,2.184092,IPR035105+meta2k
10.619022,2.8673894,IPR035105+meta2k
7.7094946,5.3075686,IPR035105+meta2k
10.810412,6.530595,IPR035105+meta2k
9.588356,0.18459488,IPR035105+meta2k
11.106506,1.3357077,IPR035105+meta2k
9.868674,3.1078477,IPR035105+meta2k
7.6816893,5.501132,IPR035105+meta2k
11.41025,1.8081518,IPR035105+meta2k
10.422449,2.5373254,IPR035105+meta2k
8.251878,4.790898,IPR035105+meta2k
10.9974575,9.295755,IPR035105+meta2k
9.954166,7.9878144,IPR035105+meta2k
10.111303,7.595897,IPR035105+meta2k
7.8167815,2.7829416,IPR035105+meta2k
6.324644,3.2030616,IPR035105+meta2k
8.385286,2.1585634,IPR035105+meta2k
9.954885,1.541035,IPR035105+meta2k
11.352044,5.9721894,IPR035105+meta2k
10.427702,8.241138,IPR035105+meta2k
9.848642,2.5334818,IPR035105+meta2k
11.9110985,1.0425406,IPR035105+meta2k
6.3686724,3.0974095,IPR035105+meta2k
10.700043,7.4952054,IPR035105+meta2k
10.906956,1.6953346,IPR035105+meta2k
11.572894,3.8797781,IPR035105+meta2k
10.425792,3.2817492,IPR035105+meta2k
6.342773,3.3331513,IPR035105+meta2k
8.8816395,3.4406223,IPR035105+meta2k
8.283067,6.018874,IPR035105+meta2k
9.785305,1.9519285,IPR035105+meta2k
10.295826,5.732019,IPR035105+meta2k
9.106646,3.7334855,IPR035105+meta2k
10.645911,0.4226057,IPR035105+meta2k
9.496561,2.214063,IPR035105+meta2k
9.557026,2.944904,IPR035105+meta2k
10.627223,3.9429812,IPR035105+meta2k
8.756211,3.7419822,IPR035105+meta2k
6.4962482,5.3395405,IPR035105+meta2k
9.762418,2.8586974,IPR035105+meta2k
8.936733,3.245798,IPR035105+meta2k
9.375621,-0.76481795,IPR035105+meta2k
7.8368745,6.0194235,IPR035105+meta2k
10.677578,5.537302,IPR035105+meta2k
8.613532,5.837771,IPR035105+meta2k
10.840385,2.482896,IPR035105+meta2k
11.40711,1.826559,IPR035105+meta2k
8.03382,7.32529,IPR035105+meta2k
11.398873,1.909753,IPR035105+meta2k
10.2332945,5.316901,IPR035105+meta2k
11.289268,1.5555149,IPR035105+meta2k
6.980963,5.127646,IPR035105+meta2k
10.602312,5.397602,IPR035105+meta2k
12.017334,3.428113,IPR035105+meta2k
12.113006,3.6660895,IPR035105+meta2k
10.1060705,8.653939,IPR035105+meta2k
12.317857,4.0214453,IPR035105+meta2k
11.193569,2.9951022,IPR035105+meta2k
10.305391,7.3902297,IPR035105+meta2k
11.565354,3.3370214,IPR035105+meta2k
7.3411517,6.0842166,IPR035105+meta2k
9.108465,2.1757047,IPR035105+meta2k
10.852528,0.77988,IPR035105+meta2k
12.604541,3.330329,IPR035105+meta2k
10.558032,3.8296044,IPR035105+meta2k
7.824804,3.5639913,IPR035105+meta2k
11.973773,3.2064834,IPR035105+meta2k
10.465468,2.5231752,IPR035105+meta2k
7.8380275,2.3861325,IPR035105+meta2k
11.983871,5.1183624,IPR035105+meta2k
9.492743,3.127899,IPR035105+meta2k
10.729634,7.5408373,IPR035105+meta2k
10.423397,2.5358808,IPR035105+meta2k
8.466697,4.875727,IPR035105+meta2k
10.191565,6.4722123,IPR035105+meta2k
7.3520737,3.2918289,IPR035105+meta2k
10.716249,3.8991475,IPR035105+meta2k
7.735273,5.4089823,IPR035105+meta2k
6.8709254,5.3008003,IPR035105+meta2k
10.076654,4.240445,IPR035105+meta2k
6.3193736,3.24325,IPR035105+meta2k
8.100902,4.6609592,IPR035105+meta2k
8.893347,4.9966407,IPR035105+meta2k
8.741809,3.2455099,IPR035105+meta2k
10.149377,7.376285,IPR035105+meta2k
7.3801565,5.2597475,IPR035105+meta2k
10.706685,7.8861938,IPR035105+meta2k
7.951661,4.7664213,IPR035105+meta2k
11.163774,1.3034465,IPR035105+meta2k
11.829417,4.6436086,IPR035105+meta2k
10.630256,7.337608,IPR035105+meta2k
4.2786026,9.153866,IPR035105+meta2k
11.214658,6.6285872,IPR035105+meta2k
9.558452,7.8875585,IPR035105+meta2k
10.239665,0.09715654,IPR035105+meta2k
9.135195,0.54484856,IPR035105+meta2k
7.701678,5.1901526,IPR035105+meta2k
11.69311,5.6439385,IPR035105+meta2k
10.6880865,3.6945472,IPR035105+meta2k
9.385909,5.949579,IPR035105+meta2k
11.200325,4.7173314,IPR035105+meta2k
8.502367,7.7834024,IPR035105+meta2k
11.953263,0.47521934,IPR035105+meta2k
8.420649,6.9041076,IPR035105+meta2k
10.747099,6.76295,IPR035105+meta2k
9.507505,1.8998861,IPR035105+meta2k
12.026262,1.6159981,IPR035105+meta2k
7.07575,3.7796252,IPR035105+meta2k
11.145175,1.4304775,IPR035105+meta2k
8.420194,5.614242,IPR035105+meta2k
8.319799,3.4773655,IPR035105+meta2k
8.430097,7.7324734,IPR035105+meta2k
9.84091,2.5986004,IPR035105+meta2k
10.068742,-0.24714498,IPR035105+meta2k
8.966129,3.8783834,IPR035105+meta2k
7.628986,5.2865353,IPR035105+meta2k
7.788096,5.699496,IPR035105+meta2k
11.437204,0.7614609,IPR035105+meta2k
10.0157385,4.12374,IPR035105+meta2k
10.788083,0.9010082,IPR035105+meta2k
11.110857,6.6530337,IPR035105+meta2k
9.007526,2.36124,IPR035105+meta2k
10.364123,5.9287434,IPR035105+meta2k
10.287013,7.4474277,IPR035105+meta2k
7.5365644,3.0731187,IPR035105+meta2k
8.9268265,2.8638222,IPR035105+meta2k
11.614198,7.142756,IPR035105+meta2k
10.223369,1.9756081,meta2k
12.343975,5.739657,meta2k
10.788731,2.11168,meta2k
12.13984,0.782758,meta2k
8.935431,3.1808615,meta2k
8.842889,1.5948464,meta2k
8.829381,8.357945,meta2k
9.276963,7.270772,meta2k
12.318713,4.018553,meta2k
10.557804,7.9092917,meta2k
9.526284,5.0356307,meta2k
11.941726,0.5099943,meta2k
10.612052,6.7501264,meta2k
10.3944645,8.209572,meta2k
9.279115,4.846852,meta2k
11.885207,3.8295918,meta2k
6.322008,3.0516806,meta2k
6.87685,6.8523293,meta2k
10.115155,2.4193718,meta2k
10.858548,2.156966,meta2k
9.514107,-0.43529335,meta2k
12.376669,2.8262289,meta2k
10.071494,-0.5916425,meta2k
9.857822,0.6413759,meta2k
8.697534,6.680693,meta2k
11.966849,5.434602,meta2k
10.027856,-0.7049561,meta2k
12.355634,3.9354768,meta2k
8.938151,4.7900867,meta2k
11.99333,0.2836349,meta2k
10.367459,2.3131993,meta2k
10.993059,7.136278,meta2k
11.246629,4.77795,meta2k
10.338119,2.0679073,meta2k
8.499635,6.794162,meta2k
9.852384,8.761141,meta2k
9.900905,3.6324067,meta2k
12.05551,4.844057,meta2k
9.849455,3.152245,meta2k
8.835541,5.2139645,meta2k
8.679062,7.76163,meta2k
10.351908,1.3888962,meta2k
8.465755,6.0265913,meta2k
10.023947,-0.75401723,meta2k
10.857337,2.2489114,meta2k
10.463176,5.6562014,meta2k
9.969982,1.6239816,meta2k
12.120927,5.432932,meta2k
11.999371,1.2842222,meta2k
8.611792,5.4221573,meta2k
10.305093,2.0264726,meta2k
7.2989445,5.4738884,meta2k
8.586712,7.7662654,meta2k
7.4163556,3.241328,meta2k
10.404267,8.37195,meta2k
8.937136,4.053888,meta2k
11.360835,0.31979,meta2k
11.982412,1.3156956,meta2k
6.3250737,4.4598875,meta2k
12.165231,0.7185544,meta2k
11.553679,6.1507354,meta2k
8.622987,7.6012583,meta2k
11.629281,0.7496843,meta2k
11.037176,6.6842628,meta2k
11.065817,0.33023494,meta2k
10.02281,-0.7257824,meta2k
11.869286,2.9089062,meta2k
9.628347,4.125701,meta2k
12.05827,5.4752007,meta2k
9.242254,2.1349168,meta2k
7.589221,5.2674303,meta2k
7.5187635,5.614614,meta2k
9.99236,-0.6475598,meta2k
10.069755,3.6042404,meta2k
11.548964,1.1680073,meta2k
12.142824,3.1801426,meta2k
7.7486777,5.885979,meta2k
12.367639,5.288007,meta2k
9.67812,4.459063,meta2k
11.493222,4.924823,meta2k
10.685754,5.9851756,meta2k
7.685077,5.021341,meta2k
9.73314,4.8490443,meta2k
9.550579,5.176403,meta2k
7.3920197,5.2005744,meta2k
10.996863,1.6086926,meta2k
10.421217,3.4066417,meta2k
12.099105,1.5790102,meta2k
10.261938,8.045349,meta2k
11.002528,5.090478,meta2k
11.83117,2.1302567,meta2k
12.259139,5.594079,meta2k
12.136733,0.6383367,meta2k
10.988557,4.9507194,meta2k
9.8187685,2.407276,meta2k
10.863093,5.6751757,meta2k
12.204585,0.39604342,meta2k
12.211963,1.9493338,meta2k
11.581754,2.0535517,meta2k
10.922525,2.0302646,meta2k
10.770576,7.9129887,meta2k
9.182757,7.259316,meta2k
11.68294,4.7769294,meta2k
9.830484,-0.24941388,meta2k
9.437296,4.5626984,meta2k
9.7141285,3.3717036,meta2k
11.282834,4.6297708,meta2k
8.222444,5.4777293,meta2k
9.70551,3.421798,meta2k
8.088816,8.084095,meta2k
8.9691,3.3163228,meta2k
9.327073,4.329818,meta2k
8.014873,5.4359436,meta2k
6.7192125,6.141265,meta2k
11.5532,0.69076645,meta2k
12.191162,0.42429268,meta2k
9.532802,-0.51556826,meta2k
7.6077013,5.1372285,meta2k
11.397492,1.0210072,meta2k
8.844741,3.264404,meta2k
10.686497,4.8063626,meta2k
12.2472,4.289258,meta2k
10.470252,6.950827,meta2k
11.974064,1.0522393,meta2k
9.298067,2.8155756,meta2k
7.6445026,5.7123017,meta2k
9.663313,-0.38495392,meta2k
10.731154,0.103887,meta2k
11.070578,3.9253902,meta2k
9.738625,-0.14875267,meta2k
7.81769,4.534048,meta2k
11.892331,5.5869293,meta2k
10.536559,0.07288977,meta2k
11.01713,0.17646168,meta2k
12.283982,0.48366633,meta2k
10.713599,7.435463,meta2k
8.829358,7.3854003,meta2k
9.604707,5.5433416,meta2k
8.855987,7.5069184,meta2k
9.629995,2.842564,meta2k
9.379705,7.710261,meta2k
12.590335,2.0590491,meta2k
9.248328,5.150638,meta2k
10.998945,1.709042,meta2k
10.92144,2.861107,meta2k
10.943778,5.4755554,meta2k
12.439423,1.6247053,meta2k
12.096059,0.55999905,meta2k
9.741057,5.403439,meta2k
9.6067915,5.4736133,meta2k
8.46273,7.515765,meta2k
8.938225,8.024235,meta2k
8.167915,5.1156135,meta2k
10.5764265,3.4583359,meta2k
11.767856,1.1256745,meta2k
8.00842,5.5509467,meta2k
11.346368,5.2310877,meta2k
12.252636,3.7938542,meta2k
12.0996065,5.849886,meta2k
8.456158,7.704374,meta2k
10.668451,4.931972,meta2k
11.477683,0.47364298,meta2k
11.008434,3.9996223,meta2k
9.259949,8.483928,meta2k
11.406517,6.765857,meta2k
9.692457,2.615946,meta2k
7.8198047,6.3375907,meta2k
10.720687,4.8071856,meta2k
8.534968,7.134053,meta2k
12.654068,3.0676568,meta2k
11.351164,2.6470501,meta2k
10.074548,6.0431566,meta2k
11.593128,4.019661,meta2k
8.061386,4.445216,meta2k
9.233686,-1.0528425,meta2k
11.775006,5.5612493,meta2k
10.890929,4.335442,meta2k
9.029747,4.615285,meta2k
8.278524,5.69999,meta2k
8.712084,5.523633,meta2k
10.221561,1.7782316,meta2k
10.317755,8.280714,meta2k
8.995684,1.2869883,meta2k
11.122559,1.935654,meta2k
8.652129,5.4921503,meta2k
11.712863,5.2808356,meta2k
11.041633,3.173105,meta2k
10.018123,1.6525818,meta2k
11.731711,1.8072768,meta2k
6.97878,6.647542,meta2k
11.329536,6.312676,meta2k
9.481237,7.134785,meta2k
11.239333,1.5145766,meta2k
8.2279215,4.214397,meta2k
9.234847,3.8361495,meta2k
10.373812,5.7764826,meta2k
8.171055,2.3641722,meta2k
11.129993,2.1660233,meta2k
9.726826,6.6783643,meta2k
12.1663685,1.5381397,meta2k
10.191079,7.499353,meta2k
7.836575,3.6865747,meta2k
11.514653,1.0528882,meta2k
11.273443,0.5329979,meta2k
11.720976,2.5068727,meta2k
12.6113825,3.8516955,meta2k
12.1686325,5.3391757,meta2k
10.949864,0.14602222,meta2k
10.4563055,8.306968,meta2k
11.592548,6.1009045,meta2k
10.373748,7.5524397,meta2k
11.539634,7.1138883,meta2k
9.340098,3.1366827,meta2k
11.8059225,2.0247219,meta2k
10.778631,5.5165453,meta2k
11.65368,3.1366966,meta2k
11.385257,4.709505,meta2k
9.505385,2.2072382,meta2k
11.866961,0.8309629,meta2k
10.2887125,1.2206932,meta2k
8.104638,4.897334,meta2k
7.230636,6.3806176,meta2k
9.492898,5.1655564,meta2k
7.9951453,3.1710916,meta2k
7.677027,4.9924893,meta2k
10.276426,7.798906,meta2k
6.404856,3.041744,meta2k
9.283264,3.1978927,meta2k
12.250225,2.3738,meta2k
10.35578,8.12082,meta2k
9.0758295,4.120519,meta2k
10.025495,7.19651,meta2k
11.303602,2.9461598,meta2k
7.6974115,2.3910353,meta2k
9.885511,6.88315,meta2k
8.24723,5.8618407,meta2k
10.625289,5.1255717,meta2k
7.425459,6.098255,meta2k
9.210039,2.9059062,meta2k
11.7877,1.0421336,meta2k
9.916643,-0.025267502,meta2k
8.731818,2.386847,meta2k
12.268047,0.5321645,meta2k
12.338816,2.5107744,meta2k
9.39255,3.9164248,meta2k
11.242776,6.747064,meta2k
12.324909,3.7021215,meta2k
2.4697201,8.041678,meta2k
11.895076,1.7961793,meta2k
11.4748745,5.1175337,meta2k
11.40737,5.724977,meta2k
12.028284,3.4877326,meta2k
11.453712,4.4544945,meta2k
9.75431,7.134834,meta2k
8.319933,4.513966,meta2k
7.9462676,4.4889874,meta2k
9.142081,8.387251,meta2k
6.8927836,4.1752462,meta2k
9.859547,0.38326603,meta2k
2.537561,8.778372,meta2k
11.520415,2.0491052,meta2k
9.337235,5.083944,meta2k
11.369257,1.5939692,meta2k
8.043636,5.092808,meta2k
10.402631,6.9137387,meta2k
11.451911,5.0065637,meta2k
9.737408,-0.015021043,meta2k
12.391399,3.1446807,meta2k
11.852863,6.6041236,meta2k
9.027563,5.3104777,meta2k
8.2548,7.2748823,meta2k
7.260303,4.4927907,meta2k
9.462948,8.427966,meta2k
11.24946,2.0424027,meta2k
11.21325,1.7244781,meta2k
12.278908,2.7874553,meta2k
12.274121,4.8649426,meta2k
11.043117,6.364433,meta2k
10.333268,3.8586738,meta2k
10.895991,5.5267034,meta2k
8.726525,7.696565,meta2k
11.1783085,3.7900236,meta2k
8.748164,2.1135654,meta2k
9.29234,7.511401,meta2k
11.247744,3.7412457,meta2k
11.337954,3.6876335,meta2k
10.595732,1.6984371,meta2k
10.107923,8.004012,meta2k
11.302556,1.9704906,meta2k
9.522252,-0.44987187,meta2k
11.506777,5.535421,meta2k
8.957346,2.2179043,meta2k
12.277059,2.6223,meta2k
12.246017,6.2208123,meta2k
9.749104,7.986947,meta2k
9.931149,4.0231943,meta2k
11.748867,5.740014,meta2k
7.9384475,7.3608756,meta2k
10.03232,-0.7169898,meta2k
12.432624,3.2004068,meta2k
9.284444,7.6286526,meta2k
10.148891,7.172673,meta2k
8.752049,2.1651125,meta2k
11.823337,1.0546492,meta2k
12.094612,4.6795516,meta2k
8.912415,2.9951794,meta2k
9.716539,2.8515732,meta2k
9.888838,4.270253,meta2k
11.21861,4.05994,meta2k
9.68612,2.8362942,meta2k
10.554689,3.802019,meta2k
8.829091,4.2212076,meta2k
10.056323,6.629375,meta2k
12.214814,5.262916,meta2k
8.113129,6.2210593,meta2k
9.230288,-1.0340011,meta2k
7.3392525,4.236092,meta2k
9.68394,3.5278316,meta2k
10.49536,8.154708,meta2k
7.8563905,2.9839337,meta2k
11.762939,7.2695336,meta2k
12.468072,3.330645,meta2k
10.405528,1.5976458,meta2k
8.148935,3.3619301,meta2k
12.057532,1.8791003,meta2k
10.826397,2.864615,meta2k
11.263852,0.6926729,meta2k
11.712327,0.9375438,meta2k
11.477446,6.873063,meta2k
11.396938,2.3525162,meta2k
6.4003267,4.767027,meta2k
9.304907,5.8800216,meta2k
10.06708,6.7337136,meta2k
9.266504,-0.95677686,meta2k
12.040598,1.4349177,meta2k
10.506818,7.350262,meta2k
10.272077,2.9044907,meta2k
10.3743725,1.2967603,meta2k
11.694011,6.825986,meta2k
9.180925,-1.0926254,meta2k
9.188857,7.8199964,meta2k
11.575325,4.539847,meta2k
9.451164,2.860744,meta2k
10.697036,1.620023,meta2k
8.87938,7.008459,meta2k
12.256041,1.3007213,meta2k
9.238618,0.8653432,meta2k
11.844409,4.9006424,meta2k
12.12833,3.4823656,meta2k
11.3176,4.286938,meta2k
12.131971,1.2124311,meta2k
12.326721,4.6877174,meta2k
11.599726,1.7018601,meta2k
12.347558,6.0687375,meta2k
7.2816086,5.9175396,meta2k
8.938288,6.8690057,meta2k
12.324797,3.181833,meta2k
10.95246,1.12478,meta2k
10.137292,1.1203701,meta2k
8.098648,4.402446,meta2k
11.652627,2.6280174,meta2k
8.69299,7.361058,meta2k
10.582238,2.1703858,meta2k
9.305108,0.449349,meta2k
6.7321978,6.573125,meta2k
10.666766,2.0295808,meta2k
9.99821,4.40455,meta2k
8.099615,3.9355276,meta2k
11.475478,0.298229,meta2k
7.583256,2.6215038,meta2k
9.993553,2.2368698,meta2k
7.893335,2.5036252,meta2k
11.854831,5.026015,meta2k
8.221071,2.1892078,meta2k
10.604393,7.7505097,meta2k
10.859955,6.771758,meta2k
12.042542,2.7917728,meta2k
11.822301,0.85133904,meta2k
10.001308,3.174758,meta2k
10.169827,0.07534041,meta2k
12.413386,5.504634,meta2k
10.639576,4.549802,meta2k
7.3593597,6.627203,meta2k
10.67811,9.222,meta2k
10.567009,1.5268307,meta2k
7.9092946,8.115621,meta2k
7.603772,2.924471,meta2k
11.849004,2.6541138,meta2k
4.65493,9.133239,meta2k
9.97774,3.8927095,meta2k
9.705261,6.6883135,meta2k
10.31943,8.039758,meta2k
10.976072,7.4666033,meta2k
10.685482,1.2930208,meta2k
11.6286545,2.5991337,meta2k
6.6247396,2.8512607,meta2k
11.585715,1.9375916,meta2k
11.953559,4.597338,meta2k
8.379559,4.6242323,meta2k
7.89115,2.080345,meta2k
11.127212,0.7207861,meta2k
10.771943,3.2126887,meta2k
9.575261,2.7395103,meta2k
10.422316,7.0454655,meta2k
11.553344,2.387571,meta2k
10.606723,8.145387,meta2k
11.813507,6.3815184,meta2k
9.550835,5.7229924,meta2k
11.232601,6.265786,meta2k
6.973446,6.412432,meta2k
7.3307776,5.7366624,meta2k
8.077385,5.104104,meta2k
7.564614,3.790208,meta2k
12.183466,0.49749342,meta2k
8.220426,6.6868067,meta2k
11.215954,4.8051434,meta2k
10.290276,6.84871,meta2k
8.983296,7.283263,meta2k
6.6424837,5.191374,meta2k
9.975589,3.0439582,meta2k
12.29294,4.4982467,meta2k
8.544031,5.9221597,meta2k
11.771918,3.3764384,meta2k
9.02113,7.958224,meta2k
12.3654375,1.2998236,meta2k
11.661548,3.3565223,meta2k
10.0415745,-0.5395067,meta2k
9.479524,8.120668,meta2k
12.506356,3.7665515,meta2k
10.294963,7.747375,meta2k
11.251223,5.6024494,meta2k
11.616029,4.995476,meta2k
6.456071,5.454704,meta2k
11.610076,3.7963092,meta2k
10.3857355,4.75418,meta2k
7.610631,5.7378435,meta2k
11.092298,2.5732615,meta2k
8.469086,5.805288,meta2k
12.072967,2.78323,meta2k
6.185558,5.248441,meta2k
12.018667,3.7045991,meta2k
11.747796,5.81148,meta2k
8.636079,4.4559975,meta2k
8.481178,3.368649,meta2k
6.9658227,5.086992,meta2k
9.755742,2.0161574,meta2k
10.315822,6.2785106,meta2k
8.219382,5.163001,meta2k
10.4077425,5.4487166,meta2k
10.524791,4.64397,meta2k
8.257436,4.569453,meta2k
9.783268,3.807414,meta2k
12.224053,0.6046568,meta2k
9.849809,5.044229,meta2k
8.34284,4.558524,meta2k
9.473156,4.937825,meta2k
11.734954,3.2551742,meta2k
7.0347104,5.268488,meta2k
9.765937,6.025026,meta2k
10.306493,0.59773684,meta2k
12.198509,3.6518977,meta2k
11.007606,6.2812376,meta2k
11.065705,7.072177,meta2k
7.7325516,5.7887855,meta2k
10.750336,7.023209,meta2k
11.684633,3.7270815,meta2k
11.867803,6.2303596,meta2k
11.015228,6.494116,meta2k
8.5400915,3.5304341,meta2k
7.0729656,6.3831754,meta2k
9.71812,3.5992272,meta2k
9.748354,8.12699,meta2k
8.255964,4.4911385,meta2k
7.7152257,6.060571,meta2k
10.195543,1.719488,meta2k
6.3392406,3.834823,meta2k
11.740405,2.6081164,meta2k
11.3559065,4.3441787,meta2k
11.763014,5.5070925,meta2k
10.743942,3.97657,meta2k
9.80751,-0.104683496,meta2k
10.46959,7.15505,meta2k
9.098083,4.8792796,meta2k
10.026247,2.9589999,meta2k
11.49859,2.3006268,meta2k
7.251226,4.977352,meta2k
7.4855113,6.0938735,meta2k
8.534158,8.072766,meta2k
7.51945,6.487395,meta2k
10.594552,0.2947432,meta2k
12.011209,1.15353,meta2k
12.639593,3.5850973,meta2k
11.102364,7.2051234,meta2k
9.3335,2.8584561,meta2k
9.949945,2.426791,meta2k
8.639458,5.8718033,meta2k
8.819661,5.734788,meta2k
9.305344,2.8185687,meta2k
12.518258,4.9118395,meta2k
9.784068,10.260486,IPR032724r
10.879016,7.429104,IPR032724r
9.372491,5.859625,IPR032724r
7.0947204,4.7862267,IPR032724r
10.594946,3.7624261,IPR032724r
9.815394,3.409552,IPR032724r
10.229181,8.542392,IPR032724r
9.782193,10.710979,IPR032724r
11.214644,4.326896,IPR032724r
8.060787,4.2124276,IPR032724r
9.62297,4.604736,IPR032724r
9.518252,5.0665393,IPR032724r
11.155027,3.4639244,IPR032724r
9.546908,4.8881063,IPR032724r
9.63135,5.457254,IPR032724r
6.881304,2.8461533,IPR032724r
9.975204,5.022897,IPR032724r
9.2367735,8.762835,IPR032724r
11.714987,7.572173,IPR032724r
11.638517,5.9522915,IPR032724r
10.347667,5.2130375,IPR032724r
9.959643,5.1681094,IPR032724r
9.015933,3.070069,IPR032724r
10.803282,4.8918753,IPR032724r
10.625699,4.9970546,IPR032724r
11.22209,5.2649827,IPR032724r
10.486677,8.115621,IPR032724r
8.382462,6.5281973,IPR032724r
8.258306,7.287881,IPR032724r
11.34259,7.8326535,IPR032724r
8.64057,6.4512196,IPR032724r
8.630591,3.4861882,IPR032724r
11.035893,9.308763,IPR032724r
11.174748,3.2374203,IPR032724r
6.913131,5.6451216,IPR032724r
11.122629,2.662397,IPR032724r
10.859152,2.9053226,IPR032724r
11.7217,2.505117,IPR032724r
10.3328085,5.1967497,IPR032724r
9.820075,9.369756,IPR032724r
10.523375,7.402387,IPR032724r
10.205729,6.9306035,IPR032724r
10.172976,5.4615536,IPR032724r
9.9548025,4.989132,IPR032724r
10.105372,3.1169057,IPR032724r
10.646883,5.735778,IPR032724r
10.583466,6.717587,IPR032724r
8.808837,3.5655992,IPR032724r
11.268059,5.605789,IPR032724r
8.858917,6.3404336,IPR032724r
9.504432,4.570222,IPR032724r
10.175212,4.59611,IPR032724r
8.301748,4.3668313,IPR032724r
9.681035,3.2736895,IPR032724r
8.994262,4.4948945,IPR032724r
10.250268,4.488699,IPR032724r
10.403625,5.1542106,IPR032724r
10.356822,2.385367,IPR032724r
11.8968,3.7450223,IPR032724r
10.976095,2.3200283,IPR032724r
9.144055,2.110126,IPR032724r
8.515825,4.0767784,IPR032724r
11.822007,3.0695903,IPR032724r
10.203044,4.799699,IPR032724r
8.176118,2.294855,IPR032724r
11.051682,2.7490783,IPR032724r
10.954604,3.690486,IPR032724r
10.68872,3.0399075,IPR032724r
10.994073,6.085817,IPR032724r
11.632129,7.591945,IPR032724r
7.0634046,4.865314,IPR032724r
10.537198,7.5781345,IPR032724r
10.071195,2.7953606,IPR032724r
10.948063,5.8095727,IPR032724r
7.710349,4.286853,IPR032724r
9.303468,9.000116,IPR032724r
9.247694,8.734159,IPR032724r
11.584594,7.657338,IPR032724r
11.246578,5.944121,IPR032724r
9.340239,4.38181,IPR032724r
9.331281,4.5225434,IPR032724r
11.4882765,5.8650255,IPR032724r
10.507173,4.454958,IPR032724r
9.524057,4.009454,IPR032724r
8.041781,2.4050305,IPR032724r
10.276279,4.6629567,IPR032724r
8.745165,3.9315915,IPR032724r
8.766245,3.6280975,IPR032724r
9.831219,1.7504297,IPR032724r
10.226614,3.977896,IPR032724r
9.018034,4.150259,IPR032724r
10.275448,7.248888,IPR032724r
8.394725,3.489095,IPR032724r
8.892337,4.637163,IPR032724r
11.188919,2.6285775,IPR032724r
6.904341,4.865256,IPR032724r
10.980308,9.2491455,IPR032724r
9.522411,6.4167356,IPR032724r
8.986267,3.914664,IPR032724r
9.370144,2.3640485,IPR032724r
11.284402,2.3543117,IPR032724r
10.0054865,4.5589457,IPR032724r
9.979235,2.533434,IPR032724r
8.100255,6.6180162,IPR032724r
10.386068,2.5718584,IPR032724r
9.787648,3.1161256,IPR032724r
9.639491,4.400804,IPR032724r
8.997333,4.0124254,IPR032724r
10.465273,2.8992724,IPR032724r
10.806704,3.1151059,IPR032724r
10.960048,2.9862804,IPR032724r
8.648465,5.1941385,IPR032724r
9.385261,4.228892,IPR032724r
10.255036,2.3437753,IPR032724r
7.818789,2.6155431,IPR032724r
7.6735544,4.609401,IPR032724r
9.824628,2.645628,IPR032724r
10.325626,4.640332,IPR032724r
10.978705,2.508258,IPR032724r
10.058682,7.683248,IPR032724r
10.994426,6.8191853,IPR032724r
9.2741,2.54535,IPR032724r
8.911887,4.9831142,IPR032724r
11.182787,5.0606513,IPR032724r
11.566314,5.266622,IPR032724r
9.494176,3.6927402,IPR032724r
9.412274,3.8586993,IPR032724r
10.578865,5.204045,IPR032724r
10.841366,6.5506706,IPR032724r
10.5478525,4.239225,IPR032724r
10.661906,5.3391113,IPR032724r
9.0078,8.721765,IPR032724r
9.957346,8.837462,IPR032724r
11.129034,5.8105063,IPR032724r
11.12572,6.1144423,IPR032724r
10.639483,6.368453,IPR032724r
10.457396,2.0285711,IPR032724r
9.866316,5.6811895,IPR032724r
10.589839,9.11702,IPR032724r
11.388155,2.712131,IPR032724r
10.917851,4.073762,IPR032724r
8.474382,4.5184913,IPR032724r
7.9673862,3.9877195,IPR032724r
10.1502285,4.512189,IPR032724r
11.307149,2.7391064,IPR032724r
7.5608764,4.766737,IPR032724r
8.000899,3.993799,IPR032724r
10.261006,3.106029,IPR032724r
6.3902392,3.4298928,IPR032724r
8.585047,5.521047,IPR032724r
9.729982,4.1555853,IPR032724r
8.391096,3.5550444,IPR032724r
10.829343,2.9587624,IPR032724r
11.801215,4.487248,IPR032724r
11.7373495,1.1246843,IPR032724r
12.279893,2.2853165,IPR032724r
10.69135,1.2909316,IPR032724r
12.205393,2.1081595,IPR032724r
11.937262,2.6390893,IPR032724r
9.401081,0.086160235,IPR032724r
8.903333,6.572358,IPR032724r
10.378823,8.887159,IPR032724r
11.541245,4.206335,IPR032724r
11.170517,7.912652,IPR032724r
11.704262,2.1660416,IPR032724r
9.825177,2.1979687,IPR032724r
10.14102,2.214655,IPR032724r
8.352337,2.15029,IPR032724r
7.291586,4.921943,IPR032724r
11.516347,6.1789107,IPR032724r
9.246993,4.4135184,IPR032724r
11.364091,3.1691241,IPR032724r
6.845784,6.4320517,IPR032724r
8.716451,1.7577887,IPR032724r
11.38064,2.8842018,IPR032724r
10.076924,3.023386,IPR032724r
8.251536,3.0585055,IPR032724r
9.357889,4.5549784,IPR032724r
11.396608,7.1964445,IPR032724r
10.225052,4.266267,IPR032724r
7.837563,5.715066,IPR032724r
8.821815,2.796421,IPR032724r
9.885234,3.5877132,IPR032724r
10.361878,8.258948,IPR032724r
8.708476,2.8454921,IPR032724r
9.424466,3.51987,IPR032724r
11.303602,3.185131,IPR032724r
8.250769,2.9930813,IPR032724r
9.22585,7.500112,IPR032724r
9.250074,8.761792,IPR032724r
9.599482,2.589872,IPR032724r
6.5140376,5.8704286,IPR032724r
6.322476,5.4326715,IPR032724r
9.187314,8.673143,IPR032724r
9.863932,9.477603,IPR032724r
6.496929,5.6807313,IPR032724r
8.957598,8.181817,IPR032724r
10.007753,8.737295,IPR032724r
8.613801,6.7277875,IPR032724r
12.011951,6.0339446,IPR032724r
9.663826,2.2971082,IPR032724r
9.518713,7.753016,IPR032724r
7.77693,4.8757825,IPR032724r
11.393865,3.5176072,IPR032724r
12.3591385,3.5230844,IPR032724r
12.02589,4.6761255,IPR032724r
8.68753,3.4148173,IPR032724r
11.00895,8.133605,IPR032724r
10.612853,2.391627,IPR032724r
11.1352215,9.218159,IPR032724r
9.776893,10.698503,IPR032724r
7.732508,6.5113606,IPR032724r
8.527606,2.646822,IPR032724r
10.382572,7.5879674,IPR032724r
9.291119,4.2718825,IPR032724r
9.235696,3.8038354,IPR032724r
9.321673,3.7304015,IPR032724r
7.0685124,6.238543,IPR032724r
9.866289,2.316324,IPR032724r
9.259131,2.9948106,IPR032724r
9.293916,4.8988285,IPR032724r
9.341508,3.4529052,IPR032724r
8.64429,3.802268,IPR032724r
12.000286,6.079171,IPR032724r
11.096209,7.348078,IPR032724r
10.550522,2.7585242,IPR032724r
10.955619,6.9897957,IPR032724r
10.375127,7.956116,IPR032724r
9.103588,8.810057,IPR032724r
12.002088,4.1416125,IPR032724r
12.510126,3.6040683,IPR032724r
11.589637,3.2250173,IPR032724r
9.088426,8.952609,IPR032724r
8.037273,3.179079,IPR032724r
11.005494,1.5687145,IPR032724r
9.7965975,3.6889837,IPR032724r
11.790605,1.4740587,IPR032724r
10.666274,4.2312016,IPR032724r
8.3979025,5.2443647,IPR032724r
10.50739,6.263082,IPR032724r
9.210662,4.334082,IPR032724r
7.68369,2.8822882,IPR032724r
10.400702,2.6305053,IPR032724r
9.482424,7.310145,IPR032724r
11.451326,3.0695484,IPR032724r
8.5056,5.454139,IPR032724r
10.432037,4.756912,IPR032724r
8.132286,3.2217367,IPR032724r
10.751661,6.6678033,IPR032724r
9.11556,5.4976497,IPR032724r
9.248156,3.9615624,IPR032724r
10.8017645,4.174244,IPR032724r
6.4342685,3.3108966,IPR032724r
10.252057,4.6609435,IPR032724r
10.496464,4.6470337,IPR032724r
10.914108,4.9499702,IPR032724r
10.229592,3.8992808,IPR032724r
9.1521015,6.137497,IPR032724r
9.033371,4.0321364,IPR032724r
10.637133,3.5467567,IPR032724r
9.739575,8.986356,IPR032724r
11.201343,4.271155,IPR032724r
10.376721,4.780513,IPR032724r
10.986785,6.558646,IPR032724r
9.946304,9.354229,IPR032724r
8.836622,5.748984,IPR032724r
8.696734,8.026281,IPR032724r
9.779238,9.378306,IPR032724r
11.083176,9.198925,IPR032724r
10.322846,1.878936,IPR032724r
6.8322587,5.5377617,IPR032724r
9.672703,5.5684476,IPR032724r
9.756549,5.6484327,IPR032724r
9.9141035,5.668417,IPR032724r
11.895991,7.5561314,IPR032724r
10.119952,4.7056737,IPR032724r
8.076413,5.6942677,IPR032724r
12.252138,3.2054958,IPR032724r
10.166034,6.3748884,IPR032724r
9.135089,8.555701,IPR032724r
9.75251,10.22144,IPR032724r
7.7216535,4.987316,IPR032724r
8.426704,3.7399876,IPR032724r
10.087044,5.8747983,IPR032724r
8.388143,4.573374,IPR032724r
8.84368,5.023816,IPR032724r
9.521729,5.3907313,IPR032724r
10.855936,6.5337086,IPR032724r
7.471421,3.6305158,IPR032724r
9.482906,4.2478595,IPR032724r
7.1149793,5.784199,IPR032724r
10.85727,4.990646,IPR032724r
8.14742,2.8221543,IPR032724r
8.845214,8.563503,IPR032724r
7.301452,5.223071,IPR032724r
9.053175,4.7273555,IPR032724r
10.202988,3.8429627,IPR032724r
9.388999,3.6928692,IPR032724r
8.492302,4.600907,IPR032724r
10.120826,4.0774164,IPR032724r
11.021319,9.251688,IPR032724r
8.598366,5.079641,IPR032724r
10.808484,7.6088586,IPR032724r
8.352864,4.0181727,IPR032724r
6.4449425,3.0034735,IPR032724r
7.6887827,4.676212,IPR032724r
6.341496,3.2403405,IPR032724r
11.147655,3.997113,IPR032724r
9.972655,2.9809206,IPR032724r
9.268282,3.7399802,IPR032724r
8.842129,4.4296403,IPR032724r
9.0226,3.232155,IPR032724r
9.370342,3.794401,IPR032724r
10.303559,8.740198,IPR032724r
9.757271,9.329625,IPR032724r
9.964042,4.01234,IPR032724r
10.75136,7.3264327,IPR032724r
10.27741,2.5244741,IPR032724r
10.074278,3.248469,IPR032724r
10.706831,4.1769843,IPR032724r
8.597589,4.2484875,IPR032724r
10.612941,4.6473927,IPR032724r
8.446396,5.264765,IPR032724r
10.550009,6.397813,IPR032724r
9.390042,7.6204357,IPR032724r
10.190234,4.3643613,IPR032724r
9.719038,9.021965,IPR032724r
11.053953,9.323334,IPR032724r
7.313175,5.5611343,IPR032724r
6.359166,4.339883,IPR032724r
7.22892,4.8230486,IPR032724r
10.192979,7.884215,IPR032724r
7.320782,4.7296863,IPR032724r
6.7150617,5.9415393,IPR032724r
9.785595,10.79781,IPR032724r
10.098734,8.312181,IPR032724r
9.523464,7.5918565,IPR032724r
9.163888,9.076287,IPR032724r
9.841972,10.843331,IPR032724r
8.720569,4.151021,IPR032724r
11.1622,6.297865,IPR032724r
8.311389,3.3984494,IPR032724r
10.20347,3.5107324,IPR032724r
11.37309,3.3282373,IPR032724r
9.864674,2.164589,IPR032724r
11.673369,2.3788867,IPR032724r
11.431314,2.5306056,IPR032724r
11.434783,2.0849614,IPR032724r
8.089275,3.4609013,IPR032724r
9.959103,4.1304893,IPR032724r
10.206463,1.7645761,IPR032724r
9.057122,3.3281276,IPR032724r
7.2640142,3.6872633,IPR032724r
11.059122,2.8300645,IPR032724r
10.360232,1.7091634,IPR032724r
8.93955,5.200456,IPR032724r
9.582212,8.605085,IPR032724r
9.418308,8.945682,IPR032724r
9.3096,4.330562,IPR032724r
12.300041,4.011514,IPR032724r
11.752169,5.2878537,IPR032724r
8.564769,2.973349,IPR032724r
7.651519,4.1009965,IPR032724r
9.018757,5.1072497,IPR032724r
10.654195,4.5698204,IPR032724r
9.848073,5.044156,IPR032724r
7.636549,4.1777363,IPR032724r
10.30394,3.5223136,IPR032724r
8.034201,3.953337,IPR032724r
9.138671,5.352462,IPR032724r
10.049374,4.704377,IPR032724r
10.557148,9.034156,IPR032724r
8.920848,5.1813583,IPR032724r
6.2879586,3.1109495,IPR032724r
10.458698,8.988251,IPR032724r
8.2449875,6.8829474,IPR032724r
9.515017,6.0606623,IPR032724r
11.030525,7.977134,IPR032724r
10.67167,3.8782964,IPR032724r
10.039755,4.2577624,IPR032724r
8.646451,3.1291277,IPR032724r
10.523874,1.4023789,IPR032724r
7.9706326,3.0215926,IPR032724r
10.172999,4.8498588,IPR032724r
10.064484,6.803559,IPR032724r
9.719091,2.440706,IPR032724r
8.659822,2.7076511,IPR032724r
9.453137,3.0870407,IPR032724r
11.375116,5.4925227,IPR032724r
9.513381,2.7411237,IPR032724r
10.697036,4.362109,IPR032724r
8.54621,4.3179,IPR032724r
10.809674,4.412796,IPR032724r
11.139375,5.497871,IPR032724r
9.562618,2.2651823,IPR032724r
11.241945,6.6198087,IPR032724r
10.402888,4.039233,IPR032724r
7.8103547,4.9412584,IPR032724r
9.897893,2.7789693,IPR032724r
12.312142,3.662988,IPR032724r
10.744592,6.260311,IPR032724r
11.927691,5.667854,IPR032724r
9.13545,1.5943699,IPR032724r
10.961772,5.138789,IPR032724r
8.862764,5.673297,IPR032724r
6.9078107,5.046777,IPR032724r
9.7527,5.647963,IPR032724r
10.411147,6.518445,IPR032724r
9.583509,4.5268807,IPR032724r
9.036847,4.150036,IPR032724r
9.648572,8.026904,IPR032724r
9.292977,5.022472,IPR032724r
7.359001,4.3769646,IPR032724r
11.781603,5.948309,IPR032724r
8.205306,2.8309314,IPR032724r
11.322907,4.6622715,IPR032724r
9.279292,4.756761,IPR032724r
9.766336,5.1727047,IPR032724r
9.335803,3.2259653,IPR032724r
11.011904,6.8798604,IPR032724r
10.654884,2.423543,IPR032724r
8.277022,4.3862104,IPR032724r
9.92499,4.0670385,IPR032724r
9.358547,3.4491282,IPR032724r
9.843147,3.9256604,IPR032724r
9.1184435,4.682115,IPR032724r
7.7573986,5.657056,IPR032724r
10.812953,9.034686,IPR032724r
11.096427,4.4569144,IPR032724r
7.47991,6.8345633,IPR032724r
8.695539,3.7757316,IPR032724r
10.272912,7.155405,IPR032724r
10.311386,5.130573,IPR032724r
10.371579,8.884372,IPR032724r
8.424737,5.5351477,IPR032724r
10.911041,9.2265835,IPR032724r
10.465674,3.0946896,IPR032724r
8.985832,5.1154485,IPR032724r
10.447374,7.057801,IPR032724r
10.235394,8.516884,IPR032724r
11.673282,2.2912579,IPR032724r
10.451205,4.0680437,IPR032724r
7.7842355,2.7596164,IPR032724r
8.892081,3.6445436,IPR032724r
12.131082,4.5575695,IPR032724r
12.209142,4.224005,IPR032724r
11.026245,4.6303334,IPR032724r
9.472634,5.667055,IPR032724r
9.390149,3.065559,IPR032724r
8.261761,3.1471467,IPR032724r
8.791202,4.59697,IPR032724r
6.536702,4.884843,IPR032724r
7.1949015,5.776265,IPR032724r
9.546942,8.832717,IPR032724r
11.369805,2.561653,IPR032724r
8.510383,3.3634224,IPR032724r
11.71091,4.829071,IPR032724r
10.862606,5.6276526,IPR032724r
9.165942,8.826602,IPR032724r
9.427341,2.6223896,IPR032724r
8.831457,7.9778137,IPR032724r
9.648537,7.9213576,IPR032724r
9.878511,8.551522,IPR032724r
8.957568,7.737455,IPR032724r
7.488642,5.820244,IPR032724r
11.459319,2.6203825,IPR032724r
9.7546015,4.0169673,IPR032724r
9.198256,3.7004156,IPR032724r
11.270432,3.7806134,IPR032724r
8.103503,5.985164,IPR032724r
10.364198,8.937687,IPR032724r
7.719526,4.7513514,IPR032724r
7.111266,5.4494367,IPR032724r
9.115862,5.952616,IPR032724r
11.570911,6.9512134,IPR032724r
11.87788,4.2728486,IPR032724r
6.4642363,3.3922496,IPR032724r
10.012624,7.5000696,IPR032724r
10.574971,9.037661,IPR032724r
9.843966,3.4278789,IPR032724r
10.088895,2.4359202,IPR032724r
12.093968,3.5626035,IPR032724r
9.720432,10.817419,IPR032724r
6.9680047,2.6696005,IPR032724r
9.283714,8.89132,IPR032724r
9.378375,9.091896,IPR032724r
9.7269125,10.768094,IPR032724r
9.129605,3.2827926,IPR032724r
10.340254,4.2611923,IPR032724r
9.7523575,10.206817,IPR032724r
12.334429,2.2702737,IPR032724r
10.065607,2.6132205,IPR032724r
9.358894,2.521236,IPR032724r
12.149344,2.3909738,IPR032724r
8.950574,3.0389123,IPR032724r
10.419009,1.6144276,IPR032724r
7.692219,4.569891,IPR032724r
7.558444,5.6195545,IPR032724r
9.354479,4.4406276,IPR032724r
9.668749,2.3642075,IPR032724r
8.74446,5.3744297,IPR032724r
8.79345,5.671443,IPR032724r
8.187064,5.0967607,IPR032724r
9.317295,6.075656,IPR032724r
11.098558,3.146118,IPR032724r
10.931513,9.228464,IPR032724r
10.996789,8.087192,IPR032724r
11.533254,5.2858973,IPR032724r
11.420945,7.699999,IPR032724r
9.862219,4.770407,IPR032724r
10.955647,5.9309835,IPR032724r
11.968127,3.79662,IPR032724r
10.906226,4.6261754,IPR032724r
11.846628,7.6127415,IPR032724r
10.584969,7.3146095,IPR032724r
9.831959,9.371883,IPR032724r
9.647071,9.013747,IPR032724r
9.783284,10.728002,IPR032724r
9.820277,10.81028,IPR032724r
10.896903,8.129129,IPR032724r
9.514253,9.002698,IPR032724r
11.091272,9.246884,IPR032724r
8.163682,3.3926108,IPR032724r
11.625427,3.015176,IPR032724r
11.3277235,3.6394918,IPR032724r
9.04123,8.929503,Active
8.159623,8.16368,Active
10.448006,8.237121,Active
8.043917,8.171583,Active
8.698495,8.644256,Active
11.091102,7.4737406,Active
9.7697935,10.275731,Active
9.245292,9.061264,Active
8.814614,7.449929,Active
10.156997,6.0684557,Active
8.684893,7.298724,Active
10.918833,7.853105,Active
9.2683,9.028624,Active
8.052874,6.4002104,Active
8.086303,8.386005,Active
9.786662,10.262605,Active
